id,name,aliases,birth,death,sources,notes
john_egan,John Egan,,1874,1957,3620.jpg / 3619.jpg / 3618.jpg,
bridget_kane,Bridget Kane Egan,,1873,1931,3620.jpg / 3619.jpg / 3618.jpg,
cornelius_egan,Cornelius J. Egan,,1901,1925,3620.jpg / 3619.jpg / 3618.jpg,
william_m_egan,William M. Egan,,1906,1987,3620.jpg / 3619.jpg / 3618.jpg,
helen_egan,Helen Egan O’Connor,,1901,1970,3620.jpg / 3619.jpg / 3618.jpg,
catherine_egan,Catherine Egan Jacob,,1916,2005,3620.jpg / 3619.jpg / 3618.jpg,
mary_egan,Mary Egan Brown,,1909,1989,3620.jpg / 3619.jpg / 3618.jpg,
nora_egan,Nora B. Egan,,1911,1934,3620.jpg / 3619.jpg / 3618.jpg,
maurice_oconnor,Maurice O’Connor,,,,3620.jpg / 3619.jpg / 3618.jpg,
theodore_kramer_jacob,Theodore Kramer Jacob,Ted Jacob,1909,1953,3620.jpg / 3619.jpg / 3618.jpg,
thomas_brown,Thomas Brown,,,,3620.jpg / 3619.jpg / 3618.jpg,
edward_jacob,Edward Phillip Jacob,Ed Jacob; Ed,1935,2006,3620.jpg / 3619.jpg / 3618.jpg; 3621.jpg,Same person as abbreviated label on this photo.
theodore_jacob,Theodore Jacob,Ted Jacob (child); Ted,1938,,3620.jpg / 3619.jpg / 3618.jpg; 3621.jpg,Same person as abbreviated label on this photo.
catherine_jacob,Catherine Jacob Haley,Catherine Jacob,1943,,3620.jpg / 3619.jpg / 3618.jpg,
joyce_jacob,Joyce Jacob Stern,Joyce Jacob,1947,2001,3620.jpg / 3619.jpg / 3618.jpg; 3621.jpg,Same person as abbreviated label on this photo.
william_jacob,William Egan Jacob,Bill Jacob; Bill,1951,,3620.jpg / 3619.jpg / 3618.jpg; 3621.jpg,Same person as abbreviated label on this photo.
teresa_jacob,Teresa (Young?) Jacob,,,,3619.jpg,Maiden name handwriting uncertain.
tim_jacob,Tim Jacob,,,,3619.jpg,
francie_jacob,Francie Jacob,,,,3619.jpg,
mike_jacob,Mike Jacob,,,,3619.jpg,
joyce_jacob_2,Joyce Jacob (daughter of Theodore),,,,3619.jpg,
jack_jacob,Jack Jacob,,,,3619.jpg,
kira_jacob,Kira Jacob,,,,3619.jpg,
connor_jacob,Connor Jacob,,,,3619.jpg,
jim_jacob,Jim Jacob,,,,3619.jpg,
lisa_jacob,Lisa Jacob,,,,3619.jpg,
rick_jacob,Rick Jacob,,,,3619.jpg,
debbie_jacob,Debbie Jacob,,,,3619.jpg,
jeff_jacob,Jeff,,,,3619.jpg,Placement on sheet; immediate parentage needs confirmation.
jo_jacob,Jo,,,,3619.jpg,Placement on sheet; immediate parentage needs confirmation.
mary_jacob,Mary,,,,3619.jpg,Placement on sheet; immediate parentage needs confirmation.
kayla_jacob,Kayla,,,,3619.jpg,Placement on sheet; immediate parentage needs confirmation.
marc_jacob,Marc,,,,3619.jpg,Placement on sheet; immediate parentage needs confirmation.
dean_jacob,Dean,,,,3619.jpg,Placement on sheet; immediate parentage needs confirmation.
malisa_jacob,Malisa,,,,3619.jpg,Placement on sheet; immediate parentage needs confirmation.
bridget_jacob,Bridget,,,,3619.jpg,Placement on sheet; immediate parentage needs confirmation.
mila_jacob,Mila,,,,3619.jpg,Placement on sheet; immediate parentage needs confirmation.
jim_jr_jacob,Jim Jr,,,,3619.jpg,Placement on sheet; immediate parentage needs confirmation.
joe_jacob,Joe,,,,3619.jpg,Placement on sheet; immediate parentage needs confirmation.
lindsay_jacob,Lindsay,,,,3619.jpg,Placement on sheet; immediate parentage needs confirmation.
derrick_jacob,Derrick,,,,3619.jpg,Placement on sheet; immediate parentage needs confirmation.
jayson_jacob,Jayson,,,,3619.jpg,Placement on sheet; immediate parentage needs confirmation.
margaret_jacob,Margaret (Peggy) Jacob,,1953,,3618.jpg,
jennifer_jacob,Jennifer R. Jacob,,,,3618.jpg,
cherie_jacob,Cherie A. Jacob,,,,3618.jpg,
ashlyn_cornelius,Ashlyn Cornelius,,,,3618.jpg,
john_oconnor,John O’Connor,,,,3623.jpg,
jean_kramer,Jean Kramer O’Connor,,,,3623.jpg,
kevin_oconnor,Kevin,,,,3623.jpg,
martin_oconnor,Martin,,,,3623.jpg,
susan_oconnor,Susan,,,,3623.jpg,
mary_oconnor,Mary,,,,3623.jpg,
margaret_oconnor,Margaret,,,,3623.jpg,
patricia_oconnor,Patricia,,,,3623.jpg,
bridget_oconnor,Bridget,,,,3623.jpg,
randy_brooks,Randy Brooks,,,,3623.jpg,
darryll_daresh,Darryll Daresh,,,,3623.jpg,
craig_whitworth,Craig Whitworth,,,,3623.jpg,
patrick_luna,Patrick Luna,,,,3623.jpg,
scott_porto,Scott Porto,,,,3623.jpg,
perry_smith,Perry Smith,,,,3623.jpg,
christopher_oconnor,Christopher,,,,3623.jpg,
sean_oconnor,Sean,,,,3623.jpg,
kimberly_oconnor,Kimberly,,,,3623.jpg,
ashlee_brooks,Ashlee,,,,3623.jpg,
aric_brooks,Aric,,,,3623.jpg,
allison_daresh,Allison,,,,3623.jpg,
alex_daresh,Alex,,,,3623.jpg,
megan_whitworth,Megan,,,,3623.jpg,
connor_luna,Connor,,,,3623.jpg,
payton_luna,Payton,,,,3623.jpg,
olivia_luna,Olivia,,,,3623.jpg,
kirsten_smith,Kirsten,,,,3623.jpg,
kaleb_smith,Kaleb,,,,3623.jpg,
kaden_smith,Kaden,,,,3623.jpg,
stephen_sparks,Stephen Sparks,,,,3623.jpg,
sky,Sky,,,,3623.jpg,
triston_whitehead,Triston Whitehead,,,,3623.jpg,
daniella,Daniella,,,,3623.jpg,
luke_swanson,Luke Swanson,,,,3623.jpg,
jenna,Jenna,,,,3623.jpg,
jacob_boston,Jacob Boston,,,,3623.jpg,
melissa,Melissa,,,,3623.jpg,
brienna,Brienna,,,,3623.jpg,
tavin,Tavin,,,,3623.jpg,
tucker,Tucker,,,,3623.jpg,
jack_sparks,Jack Sparks,,,,3623.jpg,
jordan_sparks,Jordan Sparks,,,,3623.jpg,
shawn_brooks,Shawn Brooks,,,,3623.jpg,
gunner,Gunner,,,,3623.jpg,
gage,Gage,,,,3623.jpg,
gatlin,Gatlin,,,,3623.jpg,
finley,Finley,,,,3623.jpg,
katelyn,Katelyn,,,,3623.jpg,
beau,Beau,,,,3623.jpg,
blair,Blair,,,,3623.jpg,
jerome_teitz,Jerome Teitz,,1937,2025,3622.jpg,
mary_b_brown,Mary B. Brown,,1938,,3622.jpg,
kathleen_teitz,Kathleen Teitz Hornyak,,1960,,3622.jpg,
thomas_n_teitz,Thomas N. Teitz,,1962,,3622.jpg,
amy_teitz,Amy Teitz Bauer,,1963,,3622.jpg,
robert_hornyak,Robert (Bob) Hornyak,,1951,,3622.jpg,
claire_mulvey,Claire Mulvey,,1964,,3622.jpg,
james_bauer,James (Jim) Bauer,,1957,,3622.jpg,
evan_hornyak,Evan Hornyak,,1998,,3622.jpg,
emily_hornyak,Emily Hornyak,,1992,,3622.jpg,
thomas_tj,Thomas (TJ) Teitz,,1998,,3622.jpg,
sean_teitz,Sean Teitz,,2001,,3622.jpg,
caitlin_bauer,Caitlin Bauer,,1992,,3622.jpg,
michael_bauer,Michael Bauer,,1986,,3622.jpg,
shannon_o,Shannon O.,,1989,,3622.jpg,
ryleigh,Ryleigh,,2019,,3622.jpg,
joseph_haley,Joseph Dennis Haley,,,,3621.jpg,
amy_haley,Amy Haley (Banyasz),,,,3621.jpg,
tom_haley,Tom Haley,,,,3621.jpg,
debbie_haley,Debbie Haley (Cecchini),,,,3621.jpg,
danielle_haley,Danielle Haley,,,,3621.jpg,
cameron_haley,Cameron Haley,,,,3621.jpg,
turner_banyasz,Turner Banyasz,,,,3621.jpg,
tyler_banyasz,Tyler Banyasz,,,,3621.jpg,
alyssa_haley,Alyssa Haley,,,,3621.jpg,
michael_haley,Michael Haley,,,,3621.jpg,
javier_gdovic,Javier Gdovic,,,,3621.jpg,
henry_michael_haley,Henry Michael Haley,,,,3621.jpg,
dutch,Dutch,,,,3624.jpg,
phil,Phil,,,,3624.jpg,
jeanmarie,Jeanmarie,,,,3624.jpg,
mary_pat_egan,Mary Pat Egan,,,,3624.jpg,
corey,Corey,,,,3624.jpg,
kelley_phil,Kelley,,,,3624.jpg,
quinn,Quinn,,,,3624.jpg,
jacob_child,Jacob,,,,3624.jpg,
chance,Chance,,,,3624.jpg,
kinsley,Kinsley,,,,3624.jpg,
mike_smith,Mike Smith,,,,3624.jpg,
michael_mac,Michael (Mac),,,,3624.jpg,
josie,Josie,,,,3624.jpg,
declan,Declan,,,,3624.jpg,
kelay,Kelay,,,,3624.jpg,
bill_rodgers,Bill Rodgers,,,,3624.jpg,
brendan,Brendan,,,,3624.jpg,
paige,Paige,,,,3624.jpg,
steve,Steve,,,,3624.jpg,
julie,Julie,,,,3624.jpg,
trish,Trish,,,,3624.jpg,
brian_hannay,Brian Hannay,,,,3624.jpg,
kaya,Kaya,,,,3624.jpg,
john_liebgodt,John Liebgodt,,,,3624.jpg,
eloise,Eloise,,,,3624.jpg,
collins,Collins,,,,3624.jpg,
jaws,Jaws [?],,,,3624.jpg,
carrie,Carrie,,,,3624.jpg,
tim_meyer,Tim Meyer,,,,3624.jpg,
ray,Ray,,,,3624.jpg,
jack_meyer,Jack,,,,3624.jpg,
stephen,Stephen,,,,3624.jpg,
maura,Maura,,,,3624.jpg,
vince_lanham,Vince Lanham,,,,3624.jpg,
