id,name_or_relationship_a,name_or_relationship_b,status,question
R01,Ed Jacob on 3621/3624,Edward Phillip Jacob on 3618–3620,likely same,Abbreviated name and matching position as Catherine and Theodore’s child. Confirm spouse Mary Pat Egan.
R02,Ted Jacob (parent) on 3621/3624,Theodore Kramer Jacob on 3618–3620,likely same,Husband of Catherine Mary Egan Jacob; distinguish son Theodore (1938).
R03,Ted Jacob (child) on 3621/3624,Theodore Jacob (1938) on 3618–3620,likely same,Both appear among Catherine and Theodore’s children.
R04,Bill Jacob on 3621/3624,William Egan Jacob (1951) on 3618–3620,likely same,Both appear among Catherine and Theodore’s children.
R05,Cathy on 3624,Catherine Jacob Haley (1943) on 3618–3621,possible,Surname and sibling position suggest match; handwritten Cathy is unconnected on 3624.
R06,Kelay on 3624,Kelley on 3624,distinct unless corrected,"Both appear under Ed on the sheet, but the handwriting may be Kelley and Kelay; clarify."
R07,John O’Connor on 3623,Helen Egan O’Connor and Maurice O’Connor on 3623,generation unclear,Printed chart links the two couples directly but could omit a generation.
R08,Mary B. Brown on 3622,Mary Egan Brown (1909) and Thomas Brown,parentage tentative,Drawing suggests Mary B. Brown is their child; confirm against family records.
R09,"Jeanmarie, Phil, Dutch on 3624",full legal names and surnames,needs input,Photo provides given names only; avoid filling them by assumption.
R10,Theodore Jacob descendants on 3619,spouses versus children,needs input,Handwritten horizontal braces do not reliably show which names are spouses and which are children.
